,Intercept,S2mB,S2c,S2x1
0,26.734531858954547,-1.168759034509585,-0.130037024035173,0.031751881393516444
